snopes,fake,s_pd,f_pd
http://www.snopes.com/human-sacrifice-captured-at-cern/,http://worldtruth.tv/murder-at-cern-disturbing-human-sacrifice-video-surfaces/,2016-08-17 18:58:04,2016-08-12 12:46:19
http://www.snopes.com/alicia-machado-adult-star/,http://www.infowars.com/hillarys-new-anti-trump-poster-child-is-a-porn-star-accused-of-driving-a-murder-getaway-vehicle-threatening-to-kill-a-judge/,2016-09-28 18:32:41,2016-09-28 12:28:22
http://www.snopes.com/ted-nugent-kaepernick-chimp/,http://politicops.com/ted-nugent-dont-get-chimp-gets-invoke-human-rights/,2016-09-15 16:23:27,2016-09-12 22:08:59
http://www.snopes.com/water-fluoridation-reduces-iq/,http://www.infowars.com/who-admits-omitting-fluorides-damaging-health-effects-to-prevent-controversy/,2016-12-30 23:18:42,2012-02-23 21:23:04
http://www.snopes.com/jill-stein-endorsed-donald-trump/,http://www.infowars.com/green-party-candidate-jill-stein-says-hillary-clinton-could-be-worse-than-donald-trump/,2016-10-13 15:47:47,2016-06-13 20:31:51
http://www.snopes.com/snowden-bin-laden-alive/,http://worldnewsdailyreport.com/bin-laden-is-alive-and-well-in-the-bahamas-says-edward-snowden/,2016-05-10 19:15:35,2015-08-25 14:48:01
http://www.snopes.com/seth-conrad-rich/,http://www.activistpost.com/2016/07/suspicious-dnc-staffer-in-charge-of-voter-expansion-data-murdered-in-d-c.html,2016-07-14 22:29:25,2016-07-12 10:15:02
http://www.snopes.com/politics/satire/solarpanels.asp,http://nationalreport.net/solar-panels-drain-suns-energy-experts-say/,2014-05-26 07:40:40,2014-05-21 21:43:32
http://www.snopes.com/neil-degrasse-tyson-girl-on-jupiter/,http://www.clickhole.com/article/awesome-when-little-girl-told-neil-degrasse-tyson--3565,2016-08-24 18:58:24,2015-12-01 16:58:00
http://www.snopes.com/donald-trump-ex-wives-abortions/,http://chronicle.su/2015/08/08/donald-trumps-ex-wives-speak-out-on-forced-abortions/,2016-03-31 16:17:12,2015-08-08 14:01:50
http://www.snopes.com/trump-bringing-back-draft/,http://realnewsrightnow.com/2016/04/trump-on-revamping-the-military-were-bringing-back-the-draft/,2016-12-05 20:01:15,2016-04-29 08:25:53
http://www.snopes.com/deray-mckesson-and-the-summer-of-chaos/,https://www.intellihub.com/operation-summer-of-chaos-obama-admin-black-lives-matter-plan/,2016-07-08 22:39:28,2016-06-14 10:35:03
http://www.snopes.com/hillary-clinton-had-drunken-meltdown-after-losing-the-election/,http://www.infowars.com/report-hillary-became-physically-violent-after-she-realized-she-had-lost-the-election/,2016-11-16 06:12:14,2016-11-15 12:04:13
http://www.snopes.com/anti-trump-protesters-block-ambulance/,http://www.infowars.com/report-anti-trump-protesters-block-ambulance-father-of-4-year-old-girl-dies/,2016-11-15 16:16:48,2016-11-15 13:24:12
http://www.snopes.com/politics/satire/bushvote.asp,http://dailycurrant.com/2012/11/06/george-bush-accidently-votes-obama/,2012-11-08 14:11:46,2012-11-06 14:06:38
http://www.snopes.com/media/notnews/clintonchild.asp,http://worldnewsdailyreport.com/16-year-old-girl-claims-former-president-bill-clinton-is-her-father/,2015-03-15 21:48:22,2015-03-12 21:45:07
http://www.snopes.com/tim-kaine-white-people-minority/,http://www.infowars.com/hillarys-vp-whites-must-become-a-minority-to-atone-for-racism/,2016-08-17 19:46:10,2016-08-16 11:03:11
http://www.snopes.com/media/notnews/antpoison.asp,http://www.thespoof.com/spoof-news/science-technology/11213/fda-certifies-aspartame-as-ant-poison,2014-08-12 11:19:40,2006-08-12 08:09:00
http://www.snopes.com/hunter-nearly-killed-by-brutal-sexual-assault-from-moose/,http://worldnewsdailyreport.com/hunter-nearly-killed-by-brutal-sexual-assault-from-1200-lbs-moose/,2016-11-16 18:26:28,2016-11-07 14:54:19
http://www.snopes.com/media/notnews/obamabirth.asp,http://americannews.com/breaking-kenyan-government-releases-obamas-real-birth-certificate/,2014-10-27 02:31:08,2014-10-24 12:51:47
http://www.snopes.com/pokemon-in-pokemon-go-will-scream-if-within-a-mile-of-a-sex-offender/,http://www.clickhole.com/article/gaming-safety-ftw-pokemon-pokemon-go-will-now-scre-4691,2016-08-03 17:26:21,2016-07-28 14:25:00
http://www.snopes.com/john-kasich-said-we-cant-entrust-abortion-decision-to-women/,http://politicops.com/kasich-woman-not-intelligent-enough-keep-legs-closed-can-entrust-abortion-decision/,2016-12-16 18:52:04,2016-12-15 22:58:10
http://www.snopes.com/police-shoot-department-store-mannequin-67-times-after-mistaking-it-for-gunman/,http://realnewsrightnow.com/2016/08/police-shoot-department-store-mannequin-67-times-mistaking-gunman/,2016-08-16 19:13:14,2016-08-15 09:26:17
http://www.snopes.com/media/notnews/miraclewitness.asp,http://worldnewsdailyreport.com/newly-found-document-holds-eyewitness-account-of-jesus-performing-miracle/,2015-01-21 14:45:42,2014-10-04 13:22:40
http://www.snopes.com/obama-executive-order-military-citizens/,http://beforeitsnews.com/war-and-conflict/2016/07/ultimate-destabilization-united-nations-agenda-activated-race-wars-civil-wars-riots-planned-u-s-mass-casualties-2462018.html,2016-07-14 14:39:11,2016-07-11 14:07:00
http://www.snopes.com/politics/guns/newtown.asp,http://www.infowars.com/fbi-says-no-one-killed-at-sandy-hook/,2015-02-07 09:22:58,2014-09-24 22:57:55
http://www.snopes.com/fbi-agent-murder-suicide/,http://hillary-emails.beforeitsnews.com/press-releases/2016/11/fbi-agent-and-his-wife-found-dead-after-he-was-suspected-of-leaking-hillary-emails-3020729.html,2016-11-06 06:42:27,2016-11-06 00:01:00
http://www.snopes.com/defcon-warning-level-escalated-to-3/,http://beforeitsnews.com/opinion-liberal/2016/06/trouble-u-s-sets-defcon-3-2531061.html,2016-10-16 17:02:30,2016-06-20 08:53:00
http://www.snopes.com/politics/conspiracy/walmartclosures.asp,https://www.intellihub.com/jade-helm-walmart-and-dumbs-are-the-closed-walmarts-being-activated-as-central-command-for-underground-operations/,2015-04-25 02:40:58,2015-04-21 05:45:24
http://www.snopes.com/politics/conspiracy/mlktrial.asp,http://www.globalresearch.ca/court-decision-u-s-government-agencies-found-guilty-in-martin-luther-kings-assassination/5320024,2015-04-09 03:26:58,2013-01-21 00:00:00
http://www.snopes.com/4-year-old-boy-accused-of-hacking-fbi-database/,http://worldnewsdailyreport.com/usa-4-year-old-boy-accused-of-hacking-fbi-database/,2016-08-12 19:24:14,2014-08-11 23:16:51
http://www.snopes.com/debate-secret-hand-signals/,http://www.infowars.com/world-champion-poker-player-clinton-secretly-signaled-moderator-during-debate/,2016-09-28 22:12:38,2016-09-28 19:31:29
http://www.snopes.com/food/tainted/roundupwheat.asp,http://www.realfarmacy.com/reason-toxic-wheat/,2014-12-26 02:21:18,2014-11-13 12:38:55
http://www.snopes.com/ace-hardware-stands-against-standing-rock/,http://www.activistpost.com/2016/11/sheriffs-dept-demands-ace-hardware-stop-selling-heating-supplies-water-protectors-ace-complies.html,2016-12-01 18:29:24,2016-11-30 18:45:57
http://www.snopes.com/info/news/sandyhoax.asp,http://www.infowars.com/fbi-says-no-one-killed-at-sandy-hook/,2015-02-07 09:04:08,2014-09-24 22:57:55
http://www.snopes.com/politics/religion/muslimnurses.asp,http://theuspatriot.com/2014/04/15/muslim-nurses-refuse-to-wash-hands-before-operations-say-it-compromises-________/,2014-10-24 00:43:08,2014-04-15 05:47:45
http://www.snopes.com/ted-cruz-run-as-democrat/,http://politicops.com/cruz-something-happens-hillary-agree-run-democrat-trump/,2016-09-15 15:14:24,2016-09-13 22:35:25
http://www.snopes.com/pat-robertson-boycott-hillary/,http://politicops.com/pat-robertson-husbands-need-boycott-intercourse-wives-theyre-planning-vote-hillary/,2016-10-03 15:21:47,2016-09-29 23:58:08
http://www.snopes.com/did-macys-pull-support-from-planned-parenthood/,http://www.infowars.com/macys-no-longer-supports-planned-parenthood/,2016-12-12 19:25:33,2016-12-09 17:41:55
http://www.snopes.com/politics/satire/leatherprotest.asp,http://www.thespoof.com/spoof-news/us/66233/three-reported-missing-after-animal-rights-activists-take-war-on-leather-to-motorcycle-gang-rally,2013-09-16 03:43:50,2010-01-03 16:18:00
http://www.snopes.com/dylann-roof-john-christian-graas/,http://beforeitsnews.com/alternative/2015/06/charleston-shooter-is-actor-us-marine-crisis-actor-as-jade-helm-stipulates-video-3174050.html,2016-12-17 18:56:18,2015-06-22 12:51:00
http://www.snopes.com/politics/satire/trayvonpainting.asp,http://www.thenewsnerd.com/local/george-zimmerman-sells-trayvon-martin/,2014-04-09 11:32:38,2014-03-29 00:00:00
http://www.snopes.com/obama-encouraged-illegal-aliens-to-vote/,http://www.infowars.com/video-president-obama-encourages-illegal-immigrants-to-vote/,2016-11-06 18:27:00,2016-11-06 15:45:44
http://www.snopes.com/person-who-leaked-hillary-clintons-medical-records-found-dead/,http://www.redflagnews.com/headlines-2016/man-who-leaked-clintons-medical-records-found-dead,2016-08-12 17:59:07,2016-08-12 00:00:00
http://www.snopes.com/fines-for-bringing-supplies-to-standing-rock-dapl-protests/,http://www.activistpost.com/2016/11/sheriffs-dept-fine-people-1k-bringing-food-supplies-standing-rock.html,2016-11-30 20:35:11,2016-11-30 06:27:59
http://www.snopes.com/media/notnews/giantcoverup.asp,http://worldnewsdailyreport.com/smithsonian-admits-to-destruction-of-thousands-of-giant-human-skeletons-in-early-1900s/,2014-12-19 00:05:54,2014-12-03 18:25:03
http://www.snopes.com/clinton-secret-earpiece-debate/,http://www.infowars.com/was-hillary-wearing-an-earpiece-during-last-nights-presidential-forum/,2016-09-27 22:32:18,2016-09-08 10:58:32
http://www.snopes.com/irish-slaves-early-america/,http://www.globalresearch.ca/the-irish-slave-trade-the-forgotten-white-slaves/31076,2016-09-24 18:16:28,2015-03-17 00:00:00
http://www.snopes.com/black-protesters-targeted-whites-in-milwaukee/,http://www.infowars.com/video-black-lives-matter-rioters-target-whites-for-beat-downs/,2016-08-15 20:20:38,2016-08-14 11:45:48
http://www.snopes.com/california-to-jail-climate-change-skeptics/,http://www.redflagnews.com/headlines-2016/california-introduces-law-to-jail-anyone-who-questions-man-made-climate-change-first-amendment-now-dead,2016-06-06 17:40:19,2016-06-04 00:00:00
http://www.snopes.com/syrian-rescue-organization-the-white-helmets-are-terrorists/,http://21stcenturywire.com/2016/09/23/exclusive-the-real-syria-civil-defence-expose-natos-white-helmets-as-terrorist-linked-imposters/,2016-12-16 17:56:49,2016-09-23 05:33:24
http://www.snopes.com/cdc-forced-vaccinations/,http://www.redflagnews.com/headlines-2016/cdc-proposes-rule-to-apprehend-and-detain-anyone-anywhere-at-any-time-for-any-duration-without-due-process-or-right-of-appeal-and-administer-forced-vaccinations,2016-09-03 15:48:08,2016-09-01 00:00:00
http://www.snopes.com/mother-sues-hospital-after-son-turns-gay-from-flu-shot/,http://worldnewsdailyreport.com/mother-sues-hospital-after-son-turns-gay-after-vaccine-shot/,2016-10-04 18:04:04,2015-11-25 17:49:27
http://www.snopes.com/monica-lewinsky-voting-for-hillary-clinton/,http://empirenews.net/monica-lewinsky-says-she-is-voting-for-hillary-clinton/,2016-10-10 18:51:31,2016-07-30 00:00:00
http://www.snopes.com/black-homeless-woman-says-trump-allowed-live-trump-tower-rent-free/,http://www.infowars.com/black-homeless-woman-says-trump-allowed-her-to-live-in-trump-tower-rent-free-for-8-years/,2016-12-09 23:19:46,2016-12-08 17:26:44
http://www.snopes.com/john-podesta-spirit-cooking/,http://www.infowars.com/spirit-cooking-clinton-campaign-chairman-invited-to-bizarre-satanic-performance/,2016-11-04 21:46:54,2016-11-04 13:57:25
http://www.snopes.com/michael-savage-removed/,http://www.infowars.com/savage-nation-sounds-the-alarm-on-censorship/,2016-09-28 17:51:02,2016-09-28 16:15:22
http://www.snopes.com/elector-suicide/,http://worldnewsdailyreport.com/electoral-college-elector-commits-suicide-to-avoid-voting-for-donald-trump/,2016-12-30 19:24:14,2016-12-19 19:50:22
http://www.snopes.com/target-american-flag-removal/,http://nationalreport.net/target-discontinue-sales-american-flag/,2016-05-19 20:36:40,2016-05-19 16:47:18
http://www.snopes.com/orlando-shooters-father-clinton/,http://21stcenturywire.com/2016/06/15/father-of-orlando-shooter-is-long-time-cia-asset/,2016-06-15 16:50:16,2016-06-15 14:34:37
http://www.snopes.com/sarah-palin-nativia/,http://dailycurrant.com/2015/09/07/sarah-palin-native-americans-should-go-back-to-nativia-3/,2015-09-08 16:28:39,2015-09-07 13:40:33
http://www.snopes.com/media/notnews/sharkselfie.asp,http://worldnewsdailyreport.com/man-takes-selfie-moments-before-deadly-shark-attack/,2014-08-13 06:34:50,2014-08-06 17:49:11
http://www.snopes.com/2016/08/09/politics-sites-mismatched-clinton-rally-image-goes-viral/,http://www.infowars.com/media-photoshops-hillary-crowd-to-make-her-audience-look-bigger/,2016-08-09 17:52:29,2016-08-09 11:31:16
http://www.snopes.com/john-podesta-spirit-cooking/,http://www.infowars.com/bombshell-hillary-clintons-satanic-network-exposed/,2016-11-04 21:46:54,2016-11-04 19:25:00
http://www.snopes.com/government-to-microchip-citizens/,http://www.activistpost.com/2016/12/house-passes-bill-allowing-government-microchip-citizens-mental-disabilities.html,2016-12-17 23:44:34,2016-12-13 09:44:09
http://www.snopes.com/mike-pence-condom-ban/,http://www.newslo.com/mike-pence-calls-ban-condoms-lead-abortions/,2016-08-29 20:25:58,2016-08-16 21:50:29
http://www.snopes.com/three-syrian-refugees-assault-5-year-old-girl-at-knifepoint/,http://www.infowars.com/report-three-syrian-refugees-rape-little-girl-at-knifepoint-in-idaho/,2016-06-20 17:39:25,2016-06-20 11:06:24
http://www.snopes.com/stephen-bannon-nobody-can-blame-you/,http://politicops.com/stephen-bannon-nobody-can-blame-beating-wife-love/,2016-08-27 17:16:51,2016-08-26 23:39:58
http://www.snopes.com/history/american/lincoln-kennedy.asp,http://www.clickhole.com/article/coincidence-similarities-between-kennedy-and-linco-1750,2015-02-13 02:53:30,2015-01-20 15:59:00
http://www.snopes.com/stone-age-tunnels/,http://www.infowars.com/european-network-of-stone-age-tunnels-that-weaves-from-scotland-to-turkey/,2016-09-16 21:07:36,2011-08-04 18:05:56
http://www.snopes.com/rupaul-claims-trump-touched-him/,http://worldnewsdailyreport.com/rupaul-claims-trump-touched-him-inappropriately-in-the-1990s/,2016-10-18 04:15:18,2016-10-14 13:15:30
http://www.snopes.com/apa-belief-mental-illness/,http://www.thenewsnerd.com/health/apa-to-classify-belief-in-god-as-a-mental-illness/,2015-07-17 17:54:55,2015-07-15 16:22:41
http://www.snopes.com/politics/religion/armyturban.asp,http://americannews.com/muslims-demand-army-change-its-dress-code-to-include-turbans-and-beards/,2016-10-06 18:06:42,2014-09-01 18:51:37
http://www.snopes.com/politics/satire/palin370.asp,http://dailycurrant.com/2014/03/20/palin-wonders-if-flight-370-flew-directly-to-heaven-2/,2014-05-23 18:46:36,2014-03-20 02:14:05
http://www.snopes.com/woman-runs-husband-down-with-suv-because-he-voted-for-trump/,http://worldtruth.tv/woman-runs-over-her-husband-with-an-suv-after-learning-he-voted-for-trump/,2016-11-17 03:37:11,2016-11-16 08:56:45
http://www.snopes.com/michigan-farmers-destroy-cherries/,http://www.naturalnews.com/054984_crop_dumps_cherries_USDA.html,2016-09-15 18:54:30,2016-08-15 00:00:00
http://www.snopes.com/zoo-employee-alligator/,http://worldnewsdailyreport.com/florida-zoo-employee-killed-while-attempting-to-rape-alligator/,2016-04-06 22:50:58,2016-03-11 12:25:35
http://www.snopes.com/brock-turners-father-no-punishment/,http://politicops.com/turners-father-girl-got-no-punishment-slut/,2016-09-09 14:34:48,2016-06-09 18:26:20
http://www.snopes.com/televangelist-threatens-civil-war/,http://politicops.com/copeland-whoever-doesnt-vote-trump-will-guilty-civil-war-planned/,2016-10-21 16:57:13,2016-09-13 22:35:25
http://www.snopes.com/trump-to-repurpose-uss-enterprise-into-floating-hotel-and-casino/,http://www.duffelblog.com/2016/11/trump-to-repurpose-uss-enterprise-to-uss-trump-hotel-and-casino/,2016-11-18 01:25:48,2016-11-17 00:00:00
http://www.snopes.com/hillary-clinton-has-parkinsons-disease/,http://www.infowars.com/dr-drew-gravely-concerned-about-hillary-clintons-health/,2016-09-11 00:10:54,2016-08-17 17:57:16
http://www.snopes.com/white-house-cancels-all-obama-appearances/,http://www.redflagnews.com/headlines-2016/white-house-cancels-all-obama-appearances-at-hillary-campaign-events-,2016-10-29 17:44:35,2016-10-28 00:00:00
http://www.snopes.com/fda-outlaws-cbd-oils/,http://www.naturalnews.com/053369_CBD_hemp_oil_extract_FDA_regulations.html,2016-03-23 23:22:33,2016-03-20 00:00:00
http://www.snopes.com/donald-trumps-intelligence-quotient/,http://beforeitsnews.com/opinion-conservative/2015/08/donald-trump-is-a-genius-but-thats-just-his-iq-3038790.html,2016-12-08 20:11:20,2015-08-01 07:33:00
http://www.snopes.com/three-million-votes-in-presidential-election-cast-by-illegal-aliens/,http://www.infowars.com/report-three-million-votes-in-presidential-election-cast-by-illegal-aliens/,2016-11-17 00:34:23,2016-11-14 13:22:55
http://www.snopes.com/george-soros-ss-nazi-germany/,http://www.nowtheendbegins.com/proof-george-soros-nazi-past-finally-comes-light-discovery-forgotten-interview/,2016-11-28 23:52:06,2016-11-15 22:10:02
http://www.snopes.com/experimental-nazi-missile-aimed-at-u-s/,http://worldnewsdailyreport.com/rocket-launched-in-space-by-nazis-in-1944-expected-to-hit-the-usa-next-week/,2016-12-30 21:53:24,2016-12-23 20:15:24
http://www.snopes.com/media/notnews/arizonatea.asp,https://www.huzlers.com/arizona-tea-exposed-by-fda-for-using-human-urine-in-products-will-be-taken-of-shelves-2/,2015-04-20 22:48:14,2015-04-20 08:15:35
http://www.snopes.com/eric-braverman-seeks-asylum-in-russia/,http://beforeitsnews.com/press-releases/2016/10/clinton-foundation-ceo-eric-braverman-seeks-asylum-at-russian-consulate-3015296.html,2016-10-25 21:44:56,2016-10-25 04:21:00
http://www.snopes.com/media/notnews/elfonshelf.asp,http://www.duffelblog.com/2014/12/elf-on-a-shelf-snowden/,2014-12-18 23:27:08,2014-12-15 00:00:00
http://www.snopes.com/woman-develops-iq-of-220-after-drinking-sperm-every-day-for-a-year/,http://worldnewsdailyreport.com/woman-develops-iq-of-220-after-drinking-sperm-everyday-for-a-year/,2016-11-21 21:23:22,2016-11-17 18:16:15
http://www.snopes.com/deray-mckesson-and-the-summer-of-chaos/,http://www.dcclothesline.com/2016/07/06/hacked-messages-of-blacklivesmatter-leader-reveal-obama-admins-plan-for-summer-of-chaos-and-martial-law/,2016-07-08 22:39:28,2016-07-06 11:08:41
http://www.snopes.com/mike-pence-supported-gay-conversion-therapy/,http://nationalreport.net/michele-bachmann-prays-gay-conversion-therapy-help-husband/,2016-10-26 23:23:54,2016-07-14 15:29:15
http://www.snopes.com/white-house-logo-change/,http://www.redflagnews.com/headlines-2016/-outrage-what-obama-just-did-to-the-white-house-logo-will-make-you-sick,2016-06-29 18:10:00,2016-06-28 00:00:00
http://www.snopes.com/justin-trudeau-kiss-thomas-mulcair/,http://worldnewsdailyreport.com/canadian-prime-minister-and-opposition-leader-share-kiss-to-denounce-orlando-massacre/,2016-06-15 21:07:01,2016-06-14 18:42:54
http://www.snopes.com/media/notnews/marilyn.asp,http://worldnewsdailyreport.com/retired-cia-agent-confesses-on-deathbed-i-killed-marilyn-monroe/,2015-04-17 05:08:12,2015-03-25 18:58:30
http://www.snopes.com/computer/facebook/fbcharge.asp,http://weeklyworldnews.com/headlines/28511/facebook-to-charge/,2016-12-26 19:29:10,2013-01-15 02:00:40
http://www.snopes.com/media/notnews/facebookguns.asp,http://empirenews.net/facebook-submits-names-of-users-posing-in-pictures-with-guns-to-homeland-security/,2014-12-04 15:39:22,2014-11-30 16:21:17
http://www.snopes.com/politics/satire/applebees.asp,http://www.duffelblog.com/2013/11/applebees-declares-bankruptcy-offering-free-alcohol-veterans-day/,2013-11-15 05:02:30,2013-11-12 00:00:00
http://www.snopes.com/politics/satire/coulter.asp,http://dailycurrant.com/2013/01/29/ann-coulter-refuses-board-airplane-black-pilot/,2013-08-14 20:52:06,2013-01-29 12:52:48
http://www.snopes.com/sarah-palin-calls-boycott-mall-america-santa-always-white-bible/,http://politicops.com/palin-calls-boycott-mall-america-santa-always-white-bible/,2016-12-05 18:56:21,2016-12-03 23:29:29
http://www.snopes.com/un-troops-americans-guns/,http://www.thedailysheeple.com/where-is-the-proof-that-un-soldiers-are-on-american-soil-oh-right-here_082012,2016-04-13 19:52:48,2012-08-17 16:09:41
http://www.snopes.com/black-lives-matter-protesters-chant-for-dead-cops-now-in-baton-rouge/,http://www.infowars.com/black-lives-matter-supporters-islamists-celebrate-murder-of-baton-rouge-cops/,2016-07-18 18:01:33,2016-07-17 17:34:01
http://www.snopes.com/2016/07/11/anonymous-day-of-rage-protests-2016/,https://www.lewrockwell.com/2016/07/daisy-luther/day-rage-scheduled-july-15th/,2016-07-12 02:32:50,2016-07-12 00:00:00
http://www.snopes.com/canada-legalizes-beastiality,http://www.infowars.com/canada-legalizes-oral-sex-with-pets/,2016-06-10 23:29:20,2016-06-10 17:49:11
http://www.snopes.com/media/notnews/huntingpermit.asp,http://nationalreport.net/federal-government-restrict-hunting-setting-minimum-age-21/,2014-11-01 06:59:46,2014-10-27 18:07:54
http://www.snopes.com/edward-snowden-said-russia-successfully-rigged-u-s-elections-in-favor-of-trump/,http://worldnewsdailyreport.com/snowden-russia-successfully-rigged-us-elections-in-favor-of-trump/,2016-11-28 17:06:10,2016-11-25 15:07:24
http://www.snopes.com/leaked-e-mail-clinton-foundation-john-oliver/,http://www.infowars.com/exclusive-leaked-email-shows-clinton-foundation-in-communication-with-comedian-john-oliver/,2016-10-07 23:12:42,2016-10-07 11:46:08
http://www.snopes.com/hillary-clinton-secret-earpiece/,http://www.infowars.com/was-hillary-wearing-an-earpiece-during-last-nights-presidential-forum/,2016-09-08 19:04:25,2016-09-08 10:58:32
http://www.snopes.com/hillary-calls-voters-bucket-of-losers/,http://www.infowars.com/hillary-calls-her-own-supporters-a-bucket-of-losers/,2016-10-08 17:52:42,2016-10-08 14:02:57
http://www.snopes.com/mike-pence-calls-michelle-obama-vulgar/,http://politicops.com/pence-michelle-obama-vulgar-first-lady-weve-ever/,2016-10-16 02:56:12,2016-10-14 22:09:28
http://www.snopes.com/army-memo-announces-martial-law/,https://www.redflagnews.com/headlines-2016/us-army-preparing-for-martial-law-take-a-look-at-this-document,2016-08-22 18:30:53,2016-08-21 00:00:00
http://www.snopes.com/photos/military/lambeau.asp,http://www.thespoof.com/spoof-news/sport/104054/super-bowl-controversy-national-anthem-will-be-replaced-with-a-dodge-ad,2013-11-12 05:53:24,2012-01-31 17:14:00
http://www.snopes.com/media/notnews/buzzaldrin.asp,https://www.huzlers.com/buzz-aldrin-admits-apollo-11-moon-landings-fake-simply-set-see-tweet/,2014-11-10 16:17:10,2014-11-07 01:27:51
http://www.snopes.com/santas-phone-number/,http://nationalreport.net/mall-santa-arrested-reason-will-shock/,2016-12-14 17:54:39,2014-12-02 23:38:33
http://www.snopes.com/hillary-clinton-seizure-video/,http://www.infowars.com/video-bizarre-hillary-behavior-caught-on-camera/,2016-07-23 22:09:07,2016-07-23 11:06:59
http://www.snopes.com/pat-robertson-orlando-shooting/,http://www.newslo.com/pat-robertson-orlando-shooting-gods-punishment-scotus-sex-marriage-ruling/,2016-06-12 21:34:06,2016-06-12 13:36:38
http://www.snopes.com/religious-replicates/,http://nationalreport.net/pope-francis-followers-koran-holy-bible/,2015-09-24 15:25:04,2015-06-01 20:00:15
http://www.snopes.com/colin-kaepernick-converts-to-islam/,http://www.infowars.com/colin-kaepernick-converted-to-islam-before-his-anti-american-stance-coincidence/,2016-08-29 18:29:41,2016-08-29 10:07:20
http://www.snopes.com/black-mob-beats-white-man-for-voting-trump/,http://www.infowars.com/shock-video-black-mob-viciously-beats-white-trump-voter/,2016-11-10 20:32:12,2016-11-10 12:16:45
http://www.snopes.com/2016/11/14/melania-sign-at-anti-trump-protest/,http://www.dcclothesline.com/2016/11/14/wheres-the-feminist-outrage-as-rapemelania-trends-on-twitter/,2016-11-14 16:51:59,2016-11-14 10:45:43
http://www.snopes.com/islam-banned-u-s-1952/,http://beforeitsnews.com/alternative/2015/12/islam-was-banned-from-the-usa-in-1952-but-youre-not-supposed-to-know-it-3254732.html,2015-12-09 15:00:41,2015-12-09 06:15:00
http://www.snopes.com/samsung-smartphones-truck-explodes/,http://worldnewsdailyreport.com/shipment-of-samsung-smartphones-explodes-during-transport-3-dead/,2016-09-14 21:33:55,2016-09-01 16:53:13
http://www.snopes.com/media/notnews/vikingship.asp,http://worldnewsdailyreport.com/usa-viking-ship-discovered-near-mississipi-river/,2014-08-19 00:37:16,2014-08-13 21:48:03
http://www.snopes.com/michele-bachmann-white-people-suffered-more-under-obama-than-blacks-during-slavery/,http://politicops.com/bachmann-white-people-suffered-last-8-years-blacks-couple-years-slavery/,2016-08-24 20:00:37,2016-08-23 23:20:05
http://www.snopes.com/chemotherapy-doctor-blows-the-whistle/,http://www.realfarmacy.com/chemotherapy-not-cancer/,2016-09-04 17:15:10,2016-06-10 04:08:52
http://www.snopes.com/buzz-aldrin-tweeted-we-are-all-in-danger-it-is-evil-itself/,http://beforeitsnews.com/conspiracy-theories/2016/12/a-mysterious-tweet-by-astronaut-buzz-aldrin-2478714.html,2016-12-13 19:12:11,2016-12-06 13:30:00
http://www.snopes.com/media/notnews/snowmageddon.asp,http://empirenews.net/meteorologists-predict-record-shattering-snowfalls-coming-soon-bread-milk-prices-expected-to-soar/,2016-10-04 16:56:20,2014-09-06 15:21:17
http://www.snopes.com/scientists-recreate-trex/,http://worldnewsdailyreport.com/scientists-successfully-recreate-tyrannosaurus-rex-embryo-from-chicken-dna/,2016-10-17 16:16:37,2016-04-15 19:49:40
http://www.snopes.com/hillary-clinton-freed-child-rapist-laughed-about-it/,https://www.intellihub.com/video-hillary-clinton-brags-getting-pedophile-off-hook/,2016-05-02 15:03:20,2016-01-25 02:44:20
http://www.snopes.com/POLITICS/clintons/zeifman.asp,http://www.infowars.com/flashback-hillary-clinton-fired-from-watergate-investigation-for-lying-unethical-behavior/,2015-04-19 22:04:36,2013-05-15 19:08:04
http://www.snopes.com/alien-cellphone-found/,http://www.disclose.tv/news/outoftime_800yearold_mobile_cell_phone_found_in_austria/125882,2016-01-04 18:55:21,2015-12-24 00:09:10
http://www.snopes.com/hillary-clinton-has-parkinsons-disease/,http://www.infowars.com/secret-service-whistleblower-hillary-has-major-neurological-problems/,2016-09-11 00:10:54,2016-08-15 11:16:33
http://www.snopes.com/media/notnews/beaniebabyspiders.asp,http://www.clickhole.com/article/90s-kids-rejoice-spider-eggs-they-used-fill-beanie-1209,2015-04-19 22:28:56,2014-11-05 17:32:00
http://www.snopes.com/target-holy-bible-ban/,http://nationalreport.net/target-discontinue-sale-holy-bible/,2016-05-18 16:37:33,2016-05-18 01:16:59
http://www.snopes.com/syrian-rescue-organization-the-white-helmets-are-terrorists/,http://www.globalresearch.ca/the-real-syria-civil-defence-exposes-natos-white-helmets-as-terrorist-linked-imposters/5547528,2016-12-16 17:56:49,2016-09-24 00:00:00
http://www.snopes.com/30000-scientists-reject-climate-change/,http://www.naturalnews.com/055151_global_warming_science_hoax_climate_skepticism.html,2016-10-24 19:26:15,2016-08-31 00:00:00
http://www.snopes.com/nancy-reagan-hillary-clinton/,http://nationalreport.net/nancy-reagan-want-hillary-win/,2016-02-24 20:16:43,2015-04-08 19:30:38
http://www.snopes.com/isis-leader-supports-hillary/,http://worldnewsdailyreport.com/isis-leader-calls-for-american-muslim-voters-to-support-hillary-clinton/,2016-10-21 18:00:49,2016-10-11 14:32:14
http://www.snopes.com/khizr-khan-375000-clinton-foundation/,http://www.govtslaves.info/375000-deposited-to-the-khan-law-account-from-the-clinton-foundation/,2016-08-06 23:07:01,2016-08-05 19:55:45
http://www.snopes.com/pat-robertson-melania-nude-pics/,http://politicops.com/pat-robertson-melanias-nude-pics-pure-art-shows-beauty-gods-work/,2016-08-02 23:56:50,2016-08-01 21:44:49
http://www.snopes.com/food-stamps-rfid-mandatory/,http://worldtruth.tv/food-stamp-welfare-individuals-must-be-rfid-chipped-2/,2016-01-28 23:05:27,2015-04-27 11:25:25
http://www.snopes.com/president-obama-takes-a-knee-during-national-anthem/,http://nationalreport.net/obama-takes-a-knee-during-national-anthem/,2016-09-24 17:18:27,2016-09-19 15:52:40
http://www.snopes.com/three-syrian-refugees-assault-5-year-old-girl-at-knifepoint/,http://www.nowtheendbegins.com/idaho-town-covers-up-rape-of-little-girl-at-knifepoint-by-three-syrian-muslim-refugees/,2016-06-20 17:39:25,2016-06-20 14:11:39
http://www.snopes.com/humor/iftrue/tacobell.asp,http://weeklyworldnews.com/headlines/28546/taco-bell-meat/,2015-06-01 21:46:54,2011-01-26 05:12:38
http://www.snopes.com/sweden-bans-christmas-lights/,http://www.infowars.com/sweden-bans-christmas-street-lights-to-avoid-offending-muslim-migrants/,2016-10-27 21:30:13,2016-10-25 17:39:00
http://www.snopes.com/clinton-compliant-citizenry/,http://www.infowars.com/clinton-campaign-email-outlines-effort-to-produce-an-unaware-and-compliant-citizenry/,2016-10-11 19:52:54,2016-10-11 10:48:17
http://www.snopes.com/politics/medical/pepsi.asp,http://www.naturalnews.com/049367_aborted_babies_flavor_chemicals_food_corporations.html,2016-08-18 22:37:40,2015-04-15 00:00:00
http://www.snopes.com/khizr-khan-375000-clinton-foundation/,http://govtslaves.info/375000-deposited-to-the-khan-law-account-from-the-clinton-foundation/,2016-08-06 23:07:01,2016-08-05 19:55:45
http://www.snopes.com/life-expectancy-in-the-united-states-declining-thanks-to-obamacare/,http://www.naturalnews.com/055860_Americans_life_expectancy_plummeting_health.html,2016-11-04 00:49:11,2016-11-02 00:00:00
http://www.snopes.com/woman-runs-husband-down-with-suv-because-he-voted-for-trump/,http://worldnewsdailyreport.com/woman-runs-over-her-husband-with-an-suv-after-learning-he-voted-for-trump/,2016-11-17 03:37:11,2016-11-14 18:19:21
http://www.snopes.com/politics/satire/sharia.asp,http://nationalreport.net/city-michigan-first-fully-implement-sharia-law/,2015-06-24 03:50:02,2013-10-27 19:20:16
http://www.snopes.com/military-absentee-ballots-clinton/,http://www.duffelblog.com/2016/11/military-absentee-ballots/,2016-11-14 21:11:46,2016-11-09 00:00:00
http://www.snopes.com/media/notnews/palinmexico.asp,http://dailycurrant.com/2014/11/20/sarah-palin-send-immigrants-back-across-ocean-to-mexico/,2014-11-23 01:22:06,2014-11-20 21:22:10
http://www.snopes.com/hillary-clinton-has-parkinsons-disease/,http://www.infowars.com/top-doctor-concerns-over-hillarys-health-not-a-conspiracy-theory/,2016-09-11 00:10:54,2016-08-22 14:02:50
http://www.snopes.com/flags-banned-at-dnc/,http://www.nowtheendbegins.com/flag-flown-democratic-convention-jihad-flag-palestine/,2016-07-26 15:25:34,2016-07-26 12:38:02
http://www.snopes.com/politics/conspiracy/malaysia.asp,http://nodisinfo.com/mossad-blow-malaysian-airlines-jet/,2014-03-14 04:21:36,2014-03-08 23:12:30
http://www.snopes.com/food/tainted/pringlescancer.asp,http://www.realfarmacy.com/cancer-in-a-can-the-shocking-true-story-of-how-pringles-are-made/,2014-12-19 01:27:44,2013-07-02 16:24:07
http://www.snopes.com/cnn-same-refugee-girl/,http://21stcenturywire.com/2016/10/18/crisis-extras-are-syrias-white-helmets-recycling-their-barrel-bomb-victims/,2016-12-27 06:50:05,2016-10-18 10:33:10
http://www.snopes.com/michael-savage-removed/,http://www.infowars.com/emergency-hillary-globalists-shutting-down-opposition-media/,2016-09-28 17:51:02,2016-09-28 12:27:58
http://www.snopes.com/daughter-fertilizes-eggs-with-fathers-sperm/,http://worldnewsdailyreport.com/denmark-daughter-fertilizes-own-eggs-with-sperm-of-deceased-father/,2016-10-17 06:57:59,2016-10-08 12:09:42
http://www.snopes.com/clinton-secret-earpiece-debate/,http://www.infowars.com/photos-whats-that-under-hillarys-pantsuit-during-last-nights-debate/,2016-09-27 22:32:18,2016-09-27 15:16:59
http://www.snopes.com/clinton-newsweek-cover/,http://www.infowars.com/did-newsweek-already-print-a-special-madam-president-hillary-edition/,2016-11-07 20:23:38,2016-11-07 16:30:42
http://www.snopes.com/mcdonalds-employee-smuggles-mcnuggets/,http://worldnewsdailyreport.com/mcdonalds-employee-accused-of-smuggling-80-lbs-of-mcnuggets-in-his-anal-cavity/,2016-10-04 15:29:23,2016-09-21 18:28:11
http://www.snopes.com/temple-of-baal-in-new-york-city/,http://www.nowtheendbegins.com/new-york-city-will-recreate-the-temple-of-baal-in-times-square-april/,2016-03-29 19:37:02,2016-03-25 14:23:14
http://www.snopes.com/cheez-it-tbhq/,http://www.naturalnews.com/031318_TBHQ_food_preservatives.html,2016-08-26 05:42:38,2011-02-14 00:00:00
http://www.snopes.com/media/notnews/yokohillary.asp,http://worldnewsdailyreport.com/yoko-ono-i-had-an-affair-with-hillary-clinton-in-the-70s/,2015-05-12 00:46:40,2015-05-08 17:35:10
http://www.snopes.com/police-shoot-coal-miner/,http://worldnewsdailyreport.com/kentucky-police-shoot-white-coal-miner-5-times-thinking-he-was-black/,2016-10-13 15:02:22,2016-09-29 16:42:55
http://www.snopes.com/mike-pence-allowing-rape-victims-to-have-abortions-will-lead-to-women-trying-to-get-raped/,http://politicops.com/mike-pence-allowing-rape-victims-abortions-will-lead-women-trying-get-raped/,2016-07-18 15:16:57,2016-07-17 21:58:23
http://www.snopes.com/hillary-clinton-has-parkinsons-disease/,http://www.infowars.com/secret-service-leaks-hillarys-health-to-press/,2016-09-11 00:10:54,2016-08-15 10:21:33
http://www.snopes.com/snowden-pronounced-dead/,http://worldtruth.tv/snowden-prounounced-dead-by-his-girlfriend-in-russia/,2016-08-10 17:05:29,2016-08-09 08:38:38
http://www.snopes.com/politics/satire/absentee.asp,http://www.duffelblog.com/2012/11/military-absentee-ballots-delivered-one-day-late-would-have-swung-election-for-romney/,2012-11-09 15:43:16,2012-11-07 00:00:00
http://www.snopes.com/politics/medical/pepsi.asp,http://beforeitsnews.com/conspiracy-theories/2013/07/comprehensive-list-of-companies-that-uses-aborted-fetal-cells-as-flavor-2452716.html,2016-08-18 22:37:40,2013-07-07 20:22:00
http://www.snopes.com/medical/disease/flushot.asp,http://www.realfarmacy.com/johns-hopkins-scientist-reveals-shocking-report-flu-vaccines/,2014-11-06 06:47:34,2014-09-14 12:42:28
http://www.snopes.com/politics/satire/ryanwaiter.asp,http://dailycurrant.com/2013/04/08/paul-ryan-refuses-tip-elderly-black-waiter/,2013-04-09 20:35:20,2013-04-08 13:14:56
http://www.snopes.com/inboxer/hoaxes/chumlee.asp,http://chronicle.su/2013/05/14/chumlee-of-pawn-stars-fame-dead/,2014-03-14 01:42:20,2013-05-14 12:04:28
http://www.snopes.com/did-donald-trump-appoint-sarah-palin-as-a-science-advisor/,http://worldnewsdailyreport.com/sarah-palin-appointed-as-science-and-technology-adviser-promises-to-get-rid-of-climate-change-hysteria/,2017-01-02 16:29:44,2016-12-05 18:57:33
http://www.snopes.com/media/notnews/ativan.asp,http://gomerblog.com/2015/03/ativan-diffuser/,2015-03-23 23:50:16,2015-03-22 19:08:22
http://www.snopes.com/nasa-admits-contact-with-alien-species/,http://www.disclose.tv/news/nasa_admits_it_is_in_contact_with_alien_species_and_just_forgot_to_mention_it/135389/,2016-09-19 17:40:02,2016-09-19 09:58:36
http://www.snopes.com/politics/obama/birthers/birthcertificate.asp,http://www.govtslaves.info/obamas-lawyers-officially-admit-birth-certificate-fake/,2014-02-21 12:12:44,2013-09-24 19:57:43
